ID,ProjectName,Watershed,Season,Elevation,Year,Month,Plot,Horizon,Weight_g,Dried,DriedMethod,RootPicked,RootSize_mm,Archived_g,Weight_g_14C,Label_14C,Measured_%_C,Measured_%_N,F14C,al_pyr_mg_g,fe_pyr_mg_g,al_ox_mg_g,fe_ox_mg_g,Plot_1_Horizons,Plot_1_HorizonLength,Plot_2_Horizon,Plot_2_HorizonLength,Plot_3_Horizon,Plot_3_HorizonLength,Plot_4_Horizon,Plot_4_HorizonLength,Plot_5_Horizon,Plot_5_HorizonLength,Plot_6_Horizon,Plot_6_HorizonLength,Notes,Delta14C,mean_BD_g_cm3,sd_BD_g_cm3,median_BD_g_cm3,mad_BD_g_cm3
HBB_001,HubbardBearBrook,W6,Summer,Low,2010,6,LT168,Oi/Oe,22.35,Yes,DegreeC60_48h,Yes,all,12.58,0.4622,#001,37.75,2,1.1117,NA,NA,NA,NA,NA,NA,NA,NA,NA,NA,NA,NA,NA,NA,NA,NA,NA,103.66027133466017,0.0984582002484677,0.0532811495479952,0.08729411764705883,0.03012466623093683
HBB_002,HubbardBearBrook,W6,Summer,Low,2010,6,LT162,Oa/A,52.15,Yes,DegreeC60_48h,Yes,all,38.67,0.4555,#002,13.98,0.75,1.0887,0.824,2.058,1.089,3.545,NA,NA,NA,NA,NA,NA,NA,NA,NA,NA,NA,NA,NA,80.82660556089283,0.2496906574420651,0.17418773194120374,0.21713747645951037,0.1070650687527162
HBB_003,HubbardBearBrook,W6,Summer,Low,2010,6,LT162,Oi/Oe,40.62,Yes,DegreeC60_48h,Yes,all,28.39,0.4542,#003,26.27,1.39,1.1649,NA,NA,NA,NA,NA,NA,NA,NA,NA,NA,NA,NA,NA,NA,NA,NA,NA,156.47553303746142,0.0984582002484677,0.0532811495479952,0.08729411764705883,0.03012466623093683
HBB_004,HubbardBearBrook,W6,Summer,Low,2010,6,LT174,Oa/A,32.37,Yes,DegreeC60_48h,Yes,all,NA,0.4553,#004,41.89,1.76,1.0154,2.297,1.431,2.191,1.981,NA,NA,NA,NA,NA,NA,NA,NA,NA,NA,NA,NA,NA,8.056705507973438,0.2496906574420651,0.17418773194120374,0.21713747645951037,0.1070650687527162
HBB_005,HubbardBearBrook,W6,Summer,Low,2010,6,LT168,Oa/A,75.05,Yes,DegreeC60_48h,Yes,all,NA,0.5077,#005,21.1,1.1,1.0696,1.33,2.445,1.473,3.243,NA,NA,NA,NA,NA,NA,NA,NA,NA,NA,NA,NA,NA,61.86473528789493,0.2496906574420651,0.17418773194120374,0.21713747645951037,0.1070650687527162
HBB_006,HubbardBearBrook,W6,Summer,Low,2010,6,LT174,Oi/Oe,32.36,Yes,DegreeC60_48h,Yes,all,22.64,0.4589,#006,44.75,2.29,1.1205,NA,NA,NA,NA,NA,NA,NA,NA,NA,NA,NA,NA,NA,NA,NA,NA,Length,112.39663041331904,0.0984582002484677,0.0532811495479952,0.08729411764705883,0.03012466623093683
HBB_007,HubbardBearBrook,W6,Summer,Low,2010,6,LT163,Oi/Oe,27.65,Yes,DegreeC60_48h,Yes,all,18.42,0.4568,#007,47.26,2.26,1.143,NA,NA,NA,NA,NA,NA,NA,NA,NA,NA,NA,NA,NA,NA,NA,NA,NA,134.73391214852626,0.0984582002484677,0.0532811495479952,0.08729411764705883,0.03012466623093683
HBB_008,HubbardBearBrook,W6,Summer,Low,2010,6,LT162,Mineral_0_10,98.3,Yes,DegreeC60_48h,Yes,<2,77.66,0.5601,#008,5.53,0.3,1.0164,1.933,6.422,2.491,9.493,NA,NA,NA,NA,NA,NA,NA,NA,NA,NA,NA,NA,NA,9.04947358509367,0.6348665628178243,0.2228321503308246,0.6051728130863039,0.16851290483339315
HBB_009,HubbardBearBrook,W6,Summer,Low,2010,6,LT172,Oi/Oe,30.37,Yes,DegreeC60_48h,Yes,all,21.39,0.4628,#009,36.01,1.88,1.1398,NA,NA,NA,NA,NA,NA,NA,NA,NA,NA,NA,NA,NA,NA,NA,NA,NA,131.55705430174126,0.0984582002484677,0.0532811495479952,0.08729411764705883,0.03012466623093683
HBB_010,HubbardBearBrook,W6,Summer,Low,2010,6,LT163,Mineral_0_10,85.43,Yes,DegreeC60_48h,Yes,<2,62.8,0.5021,#010,2.78,0.12,0.9807,0.529,0.858,1.026,4.75,NA,NA,NA,NA,NA,NA,NA,NA,NA,NA,NA,NA,NA,-26.39234676810176,0.6348665628178243,0.2228321503308246,0.6051728130863039,0.16851290483339315
HBB_011,HubbardBearBrook,W6,Summer,Low,2010,6,LT172,Oa/A,34.36,Yes,DegreeC60_48h,Yes,all,NA,NA,NA,NA,NA,NA,4.005,1.735,4.174,2.471,NA,NA,NA,NA,NA,NA,NA,NA,NA,NA,NA,NA,NA,NA,0.2496906574420651,0.17418773194120374,0.21713747645951037,0.1070650687527162
HBB_013,HubbardBearBrook,W6,Summer,Low,2010,6,LT174,Mineral_0_10,93.27,Yes,DegreeC60_48h,Yes,<2,64.82,0.4998,#013,3.37,0.17,0.9752,1.369,6.12,2.144,9.58,NA,NA,NA,NA,NA,NA,NA,NA,NA,NA,NA,NA,NA,-31.85257119226359,0.6348665628178243,0.2228321503308246,0.6051728130863039,0.16851290483339315
HBB_014,HubbardBearBrook,W6,Summer,Low,2010,6,LT172,Mineral_0_10,112.44,Yes,DegreeC60_48h,Yes,<2,92.61,0.5004,#014,5.17,0.29,1.0122,3.236,9.094,3.897,11.037,NA,NA,NA,NA,NA,NA,NA,NA,NA,NA,NA,NA,NA,4.87984766118843,0.6348665628178243,0.2228321503308246,0.6051728130863039,0.16851290483339315
HBB_015,HubbardBearBrook,W6,Summer,Low,2010,6,LT163,Oa/A,36,Yes,DegreeC60_48h,Yes,all,NA,NA,NA,NA,NA,NA,1.546,1.306,0.535,2.337,NA,NA,NA,NA,NA,NA,NA,NA,NA,NA,NA,NA,NA,NA,0.2496906574420651,0.17418773194120374,0.21713747645951037,0.1070650687527162
HBB_016,HubbardBearBrook,W6,Summer,Low,2018,7,LT174,Oa/A,12.63,Yes,DegreeC60_48h,Yes,all,NA,0.4697,#016,38.18,1.84,1.0378,2.971,1.195,2.971,1.984,Oa,2,Oa,5,Oa,5,Oa,3,NA,NA,NA,NA,NA,29.298114737005054,0.2496906574420651,0.17418773194120374,0.21713747645951037,0.1070650687527162
HBB_017,HubbardBearBrook,W6,Summer,Low,2018,7,LT163,Oi/Oe,23.5,Yes,DegreeC60_48h,Yes,all,17.04,0.4584,#017,27.11,0.85,1.0341,NA,NA,NA,NA,NA,NA,NA,NA,NA,NA,NA,NA,NA,NA,NA,NA,NA,25.62842594867698,0.0984582002484677,0.0532811495479952,0.08729411764705883,0.03012466623093683
HBB_018,HubbardBearBrook,W6,Summer,Low,2018,7,LT162,Oa/A,39.72,Yes,DegreeC60_48h,Yes,all,NA,0.4689,#018,25.58,1.12,1.0146,1.29,1.695,1.299,2.878,NA,NA,NA,NA,NA,NA,NA,NA,NA,NA,NA,NA,NA,6.2881742264071505,0.2496906574420651,0.17418773194120374,0.21713747645951037,0.1070650687527162
HBB_019,HubbardBearBrook,W6,Summer,Low,2018,7,LT172,Oi/Oe,16.8,Yes,DegreeC60_48h,Yes,all,10.3,0.4562,#019,42.28,1.9,1.1134,NA,NA,NA,NA,Oi/Oe,2,Oi/Oe,6,Oi/Oe,4,Oi/Oe,4,Oi/Oe,3,NA,NA,NA,104.27878295257398,0.0984582002484677,0.0532811495479952,0.08729411764705883,0.03012466623093683
HBB_020,HubbardBearBrook,W6,Summer,Low,2018,7,LT174,Oi/Oe,14.06,Yes,DegreeC60_48h,Yes,all,7.2,0.4635,#020,43.08,2.27,1.1037,NA,NA,NA,NA,Oi/Oe,6,Oi/Oe,5,Oi/Oe,5,Oi/Oe,3,NA,NA,NA,NA,NA,94.65824748047046,0.0984582002484677,0.0532811495479952,0.08729411764705883,0.03012466623093683
HBB_021,HubbardBearBrook,W6,Summer,Low,2018,7,LT162,Oi/Oe,30.87,Yes,DegreeC60_48h,Yes,all,23.93,0.4591,#021,27.11,1.21,1.0745,NA,NA,NA,NA,NA,NA,NA,NA,NA,NA,NA,NA,NA,NA,NA,NA,NA,65.69746028609735,0.0984582002484677,0.0532811495479952,0.08729411764705883,0.03012466623093683
HBB_022,HubbardBearBrook,W6,Summer,Low,2018,7,LT163,Mineral_0_10,50.38,Yes,DegreeC60_48h,Yes,<2,37.63,0.4957,#022,4.74,0.23,0.9953,2.103,4.004,2.668,7.08,NA,NA,NA,NA,NA,NA,NA,NA,NA,NA,NA,NA,NA,-12.853715939736944,0.6348665628178243,0.2228321503308246,0.6051728130863039,0.16851290483339315
HBB_023,HubbardBearBrook,W6,Summer,Low,2018,7,LT172,Mineral_0_10,77.58,Yes,DegreeC60_48h,Yes,<2,63.02,0.5735,#023,4.24,0.24,0.9985,2.395,8.527,3.439,10.555,E,3.5,E,1,B,3,NA,0,B,7,NA,NA,NA,-9.679931041723266,0.6348665628178243,0.2228321503308246,0.6051728130863039,0.16851290483339315
HBB_024,HubbardBearBrook,W6,Summer,Low,2018,7,LT163,Oa/A,28.72,Yes,DegreeC60_48h,Yes,all,NA,0.4581,#024,27.77,0.95,1.0274,1.188,1.213,1.253,2.38,NA,NA,NA,NA,NA,NA,NA,NA,NA,NA,NA,NA,NA,18.98331381846119,0.2496906574420651,0.17418773194120374,0.21713747645951037,0.1070650687527162
HBB_025,HubbardBearBrook,W6,Summer,Low,2018,7,LT172,Oa/A,26.4,Yes,DegreeC60_48h,Yes,all,NA,NA,NA,NA,NA,NA,2.517,1.733,2.765,2.963,Oa,2,Oa,3,A,2,NA,0,A,2,NA,NA,NA,NA,0.2496906574420651,0.17418773194120374,0.21713747645951037,0.1070650687527162
HBB_026,HubbardBearBrook,W6,Summer,Low,2018,7,LT174,Mineral_0_10,27.91,Yes,DegreeC60_48h,Yes,<2,16.48,0.4995,#026,4.79,0.22,0.9656,1.986,5.165,2.49,6.488,NA,0,E,2,NA,0,E/B,5.5,NA,NA,NA,NA,NA,-42.31040702442468,0.6348665628178243,0.2228321503308246,0.6051728130863039,0.16851290483339315
HBB_027,HubbardBearBrook,W6,Summer,Low,2018,7,LT168,Mineral_0_10,14.95,Yes,DegreeC60_48h,Yes,<2,5.17,0.4967,#027,4.61,0.25,0.9845,0.819,0.739,1.486,4.053,NA,NA,NA,NA,NA,NA,NA,NA,NA,NA,NA,NA,NA,-23.565239970532392,0.6348665628178243,0.2228321503308246,0.6051728130863039,0.16851290483339315
HBB_028,HubbardBearBrook,W6,Summer,Low,2018,7,LT162,Mineral_0_10,57.89,Yes,DegreeC60_48h,Yes,<2,42.89,0.4903,#028,5.56,0.23,0.9789,1.153,2.38,1.47,4.343,NA,NA,NA,NA,NA,NA,NA,NA,NA,NA,NA,NA,NA,-29.11936354205613,0.6348665628178243,0.2228321503308246,0.6051728130863039,0.16851290483339315
HBB_029,HubbardBearBrook,W6,Summer,Low,2018,7,LT168,Oi/Oe,12.32,Yes,DegreeC60_48h,Yes,all,5.54,0.4681,#029,37.74,2.2,1.0776,NA,NA,NA,NA,NA,NA,NA,NA,NA,NA,NA,NA,NA,NA,NA,NA,NA,68.77206440604789,0.0984582002484677,0.0532811495479952,0.08729411764705883,0.03012466623093683
HBB_030,HubbardBearBrook,W6,Summer,Low,2018,7,LT168,Oa/A,22.48,Yes,DegreeC60_48h,No,all,NA,NA,NA,NA,NA,NA,2.1,2.38,2.254,3.16,NA,NA,NA,NA,NA,NA,NA,NA,NA,NA,NA,NA,NA,NA,0.2496906574420651,0.17418773194120374,0.21713747645951037,0.1070650687527162
HBB_031,HubbardBearBrook,W6,Summer,Low,2020,7,LT172,Oi/Oe,16.6,Yes,DegreeC60_48h,No,all,16.6,NA,NA,NA,NA,NA,NA,NA,NA,NA,NA,NA,NA,NA,NA,NA,NA,NA,NA,NA,NA,NA,Not planning to measure samples from 2020; too few samples due to Covid,NA,0.0984582002484677,0.0532811495479952,0.08729411764705883,0.03012466623093683
HBB_032,HubbardBearBrook,W6,Summer,Low,2020,7,LT174,Oa/A,50.5,Yes,DegreeC60_48h,No,all,50.5,NA,NA,NA,NA,NA,NA,NA,NA,NA,NA,NA,NA,NA,NA,NA,NA,NA,NA,NA,NA,NA,Not planning to measure samples from 2020; too few samples due to Covid,NA,0.2496906574420651,0.17418773194120374,0.21713747645951037,0.1070650687527162
HBB_033,HubbardBearBrook,W6,Summer,Low,2020,7,LT162,Oi/Oe,24.01,Yes,DegreeC60_48h,No,all,24.01,NA,NA,NA,NA,NA,NA,NA,NA,NA,NA,NA,NA,NA,NA,NA,NA,NA,NA,NA,NA,NA,Not planning to measure samples from 2020; too few samples due to Covid,NA,0.0984582002484677,0.0532811495479952,0.08729411764705883,0.03012466623093683
HBB_034,HubbardBearBrook,W6,Summer,Low,2020,7,LT174,Mineral_0_10,70.46,Yes,DegreeC60_48h,No,<2,70.46,NA,NA,NA,NA,NA,NA,NA,NA,NA,NA,NA,NA,NA,NA,NA,NA,NA,NA,NA,NA,NA,Not planning to measure samples from 2020; too few samples due to Covid,NA,0.6348665628178243,0.2228321503308246,0.6051728130863039,0.16851290483339315
HBB_035,HubbardBearBrook,W6,Summer,Low,2020,7,LT174,Oi/Oe,24.61,Yes,DegreeC60_48h,No,all,24.61,NA,NA,NA,NA,NA,NA,NA,NA,NA,NA,NA,NA,NA,NA,NA,NA,NA,NA,NA,NA,NA,Not planning to measure samples from 2020; too few samples due to Covid,NA,0.0984582002484677,0.0532811495479952,0.08729411764705883,0.03012466623093683
HBB_036,HubbardBearBrook,W6,Summer,Low,2020,7,LT162,Mineral_0_10,65.67,Yes,DegreeC60_48h,No,<2,65.67,NA,NA,NA,NA,NA,NA,NA,NA,NA,NA,NA,NA,NA,NA,NA,NA,NA,NA,NA,NA,NA,Not planning to measure samples from 2020; too few samples due to Covid,NA,0.6348665628178243,0.2228321503308246,0.6051728130863039,0.16851290483339315
HBB_037,HubbardBearBrook,W6,Summer,Low,2020,7,LT172,Mineral_0_10,67.56,Yes,DegreeC60_48h,No,<2,67.56,NA,NA,NA,NA,NA,NA,NA,NA,NA,NA,NA,NA,NA,NA,NA,NA,NA,NA,NA,NA,NA,Not planning to measure samples from 2020; too few samples due to Covid,NA,0.6348665628178243,0.2228321503308246,0.6051728130863039,0.16851290483339315
HBB_038,HubbardBearBrook,W6,Summer,Low,2020,7,LT172,Oa/A,30.61,Yes,DegreeC60_48h,No,all,30.61,NA,NA,NA,NA,NA,NA,NA,NA,NA,NA,NA,NA,NA,NA,NA,NA,NA,NA,NA,NA,NA,Not planning to measure samples from 2020; too few samples due to Covid,NA,0.2496906574420651,0.17418773194120374,0.21713747645951037,0.1070650687527162
HBB_039,HubbardBearBrook,W6,Summer,Low,2020,7,LT162,Oa/A,42.05,Yes,DegreeC60_48h,No,all,42.05,NA,NA,NA,NA,NA,NA,NA,NA,NA,NA,NA,NA,NA,NA,NA,NA,NA,NA,NA,NA,NA,Not planning to measure samples from 2020; too few samples due to Covid,NA,0.2496906574420651,0.17418773194120374,0.21713747645951037,0.1070650687527162
HBB_041,HubbardBearBrook,W6,Summer,Low,2021,7,LT163,Oi/Oe,5.28,Yes,DegreeC60_48h,Yes,all,0,0.4795,#041,36.64,1.7,1.1028,NA,NA,NA,NA,Oi/Oe,1,Oi/Oe,3,Oi/Oe,5,Oi/Oe,5.5,Oi/Oe,4,NA,NA,grinded sample before containers were cleaned with count-free and sand,93.36875401433664,0.0984582002484677,0.0532811495479952,0.08729411764705883,0.03012466623093683
HBB_042,HubbardBearBrook,W6,Summer,Low,2021,7,LT163,Oa/A,59.6,Yes,DegreeC60_48h,Yes,all,NA,NA,NA,NA,NA,NA,1.124,2.135,1.406,4.929,Oa,8,Oa,6,Oa,4,Oa,4,Oa,6,NA,NA,NA,NA,0.2496906574420651,0.17418773194120374,0.21713747645951037,0.1070650687527162
HBB_043,HubbardBearBrook,W6,Summer,Low,2021,7,LT174,Oa/A,36.21,Yes,DegreeC60_48h,Yes,all,NA,0.4515,#043,21.91,0.96,1.0162,1.2,1.25,1.292,2.82,A,3,Oa,3.5,A,0.5,Oa,4,NA,NA,NA,NA,NA,7.509365097360332,0.2496906574420651,0.17418773194120374,0.21713747645951037,0.1070650687527162
HBB_044,HubbardBearBrook,W6,Summer,Low,2021,7,LT162,Mineral_0_10,34.08,Yes,DegreeC60_48h,Yes,<2,23.74,0.4678,#044,4.54,0.23,0.9978,1.463,4.764,2.602,8.924,B,2,E,2,B,4.5,NA,0,NA,0,NA,0,NA,-10.733276427724814,0.6348665628178243,0.2228321503308246,0.6051728130863039,0.16851290483339315
HBB_045,HubbardBearBrook,W6,Summer,Low,2021,7,LT168,Oa/A,78.16,Yes,DegreeC60_48h,Yes,all,NA,NA,NA,NA,NA,NA,1.949,8.687,2.446,11.658,A,6,A,6,Oa,3,NA,0,A,2,NA,NA,NA,NA,0.2496906574420651,0.17418773194120374,0.21713747645951037,0.1070650687527162
HBB_046,HubbardBearBrook,W6,Summer,Low,2021,7,LT174,Mineral_0_10,128.46,Yes,DegreeC60_48h,Yes,<2,104.08,0.459,#046,3.37,0.19,0.9744,1.473,3.805,1.873,5.706,B,4,NA,0,E/B,10,E,3.5,NA,NA,NA,NA,NA,-33.933157497669896,0.6348665628178243,0.2228321503308246,0.6051728130863039,0.16851290483339315
HBB_047,HubbardBearBrook,W6,Summer,Low,2021,7,LT174,Oi/Oe,10.07,Yes,DegreeC60_48h,Yes,all,4.22,0.4657,#047,41.51,1.88,1.0853,NA,NA,NA,NA,Oi/Oe,3.5,Oi/Oe,4,Oi/Oe,2,Oi/Oe,7.5,NA,NA,NA,NA,NA,76.01841560732625,0.0984582002484677,0.0532811495479952,0.08729411764705883,0.03012466623093683
HBB_048,HubbardBearBrook,W6,Summer,Low,2021,7,LT168,Oi/Oe,21.64,Yes,DegreeC60_48h,Yes,all,14.53,0.4846,#048,17.15,0.91,1.0647,NA,NA,NA,NA,Oi/Oe,4,Oi/Oe,3,Oi/Oe,4.5,Oi/Oe,5,Oi/Oe,2,NA,NA,NA,55.59458868250289,0.0984582002484677,0.0532811495479952,0.08729411764705883,0.03012466623093683
HBB_049,HubbardBearBrook,W6,Summer,Low,2021,7,LT162,Oi/Oe,17.91,Yes,DegreeC60_48h,Yes,all,11.85,0.479,#049,40.81,1.93,1.0983,NA,NA,NA,NA,NA,6,Oi/Oe,7,Oi/Oe,5,Oi/Oe,5,Oi/Oe,3.5,Oi/Oe,5,NA,88.90723842396264,0.0984582002484677,0.0532811495479952,0.08729411764705883,0.03012466623093683
HBB_050,HubbardBearBrook,W6,Summer,Low,2021,7,LT172,Mineral_0_10,40.45,Yes,DegreeC60_48h,Yes,<2,26.2,0.5308,#050,6.24,0.32,1.0045,2.975,6.485,3.767,9.498,B,4,NA,0,NA,0,E,2,E,5.5,NA,NA,NA,-4.090575437612376,0.6348665628178243,0.2228321503308246,0.6051728130863039,0.16851290483339315
HBB_051,HubbardBearBrook,W6,Summer,Low,2021,7,LT172,Oi/Oe,12.35,Yes,DegreeC60_48h,Yes,all,6.53,0.4674,#051,40.8,2.12,1.0959,NA,NA,NA,NA,Oi/Oe,0.5,Oi/Oe,4,Oi/Oe,6,Oi/Oe,6,Oi/Oe,4,NA,NA,NA,86.52776344242974,0.0984582002484677,0.0532811495479952,0.08729411764705883,0.03012466623093683
HBB_052,HubbardBearBrook,W6,Summer,Low,2021,7,LT168,Mineral_0_10,100.46,Yes,DegreeC60_48h,Yes,<2,75.26,0.4781,#052,3.87,0.21,0.9913,2.272,9.628,3.585,13.363,B,4,E,4,E/B,8,NA,0,B,2,NA,NA,NA,-17.1776878360429,0.6348665628178243,0.2228321503308246,0.6051728130863039,0.16851290483339315
HBB_053,HubbardBearBrook,W6,Summer,Low,2021,7,LT172,Oa/A,59.71,Yes,DegreeC60_48h,Yes,all,NA,0.4546,#053,19.12,0.96,1.0245,3.805,4.355,4.188,5.914,Oa/A,8,Oa,6,Oa,6,Oa,7,Oa,3,NA,NA,NA,15.738382741827817,0.2496906574420651,0.17418773194120374,0.21713747645951037,0.1070650687527162
HBB_054,HubbardBearBrook,W6,Summer,Low,2021,7,LT162,Oa/A,39.34,Yes,DegreeC60_48h,Yes,all,NA,NA,NA,NA,NA,NA,1.308,2.266,1.536,3.661,Oa,4,Oa,4,Oa,3,NA,0,A,3,Oa,4,NA,NA,0.2496906574420651,0.17418773194120374,0.21713747645951037,0.1070650687527162
HBB_055,HubbardBearBrook,W6,Summer,Low,2023,7,LT174,Oa/A,35.44,Yes,DegreeC60_48h,Yes,all,NA,NA,NA,NA,NA,NA,0.891,3.476,1.287,6.251,Oa,3,A,2,A,4,A,1,NA,NA,NA,NA,NA,NA,0.2496906574420651,0.17418773194120374,0.21713747645951037,0.1070650687527162
HBB_057,HubbardBearBrook,W6,Summer,Low,2023,7,LT172,Oa/A,16.34,Yes,DegreeC60_48h,Yes,all,7.63,0.4543,#057,22.45,1.3,1.089,4.876,4.921,5.325,6.035,Oa,6,NA,0,Oa,3,Oa,2,NA,NA,NA,NA,NA,79.42558504985908,0.2496906574420651,0.17418773194120374,0.21713747645951037,0.1070650687527162
HBB_058,HubbardBearBrook,W6,Summer,Low,2023,7,LT174,Mineral_0_10,90.1,Yes,DegreeC60_48h,Yes,<2,64.69,0.5127,#058,4.89,0.24,0.962,3.935,6.017,4.949,9.109,NA,0,B,1,B,9,E,8,NA,NA,NA,NA,NA,-46.457839469270404,0.6348665628178243,0.2228321503308246,0.6051728130863039,0.16851290483339315
HBB_059,HubbardBearBrook,W6,Summer,Low,2023,7,LT174,Oi/Oe,7.09,Yes,DegreeC60_48h,Yes,all,0,0.4562,#059,40.53,1.81,1.0739,NA,NA,NA,NA,Oi/Oe,6,Oi/Oe,2,Oi/Oe,0.5,Oi/Oe,2.5,NA,NA,NA,NA,"still quite a few roots left in sample; grinded sample before containers were cleaned with count-free and sand; container opend during grinding, only transferred material that was inside the grinding container; used 'non-clean room' grinding balls",64.45834323695499,0.0984582002484677,0.0532811495479952,0.08729411764705883,0.03012466623093683
HBB_060,HubbardBearBrook,W6,Summer,Low,2023,7,LT168,Oa/A,54.3,Yes,DegreeC60_48h,Yes,all,NA,0.4921,#060,13.59,0.77,1.0728,1.947,4.774,2.389,5.94,A,1,A,5,A,3,A,6,A,4,NA,NA,NA,63.36801436316697,0.2496906574420651,0.17418773194120374,0.21713747645951037,0.1070650687527162
HBB_061,HubbardBearBrook,W6,Summer,Low,2023,7,LT163,Oi/Oe,8.74,Yes,DegreeC60_48h,Yes,all,3.13,0.4661,#061,25.65,1.2,1.0522,NA,NA,NA,NA,Oi/Oe,2,Oi/Oe,1,Oi/Oe,2,Oi/Oe,3,NA,NA,NA,NA,grinded sample before containers were cleaned with count-free and sand,42.94912818132413,0.0984582002484677,0.0532811495479952,0.08729411764705883,0.03012466623093683
HBB_062,HubbardBearBrook,W6,Summer,Low,2023,7,LT168,Oi/Oe,17.06,Yes,DegreeC60_48h,Yes,all,10.91,0.4696,#062,19.53,0.96,1.0387,NA,NA,NA,NA,Oi/Oe,3,Oi/Oe,3.5,Oi/Oe,0.5,Oi/Oe,5,Oi/Oe,1.5,NA,NA,NA,29.56781927574714,0.0984582002484677,0.0532811495479952,0.08729411764705883,0.03012466623093683
HBB_063,HubbardBearBrook,W6,Summer,Low,2023,7,LT163,Mineral_0_10,103.07,Yes,DegreeC60_48h,Yes,<2,83.19,0.5276,#063,5.81,0.26,0.9925,4.087,8.458,4.95,11.55,E,5,B,10,E,2.5,NA,0,NA,NA,NA,NA,NA,-16.225993423337638,0.6348665628178243,0.2228321503308246,0.6051728130863039,0.16851290483339315
HBB_064,HubbardBearBrook,W6,Summer,Low,2023,7,LT162,Mineral_0_10,59.47,Yes,DegreeC60_48h,Yes,<2,39.55,0.482,#064,6.76,0.29,0.9341,15.629,8.806,17.825,12.19,NA,0,B,2,NA,0,B,10,E,0.5,NA,NA,very light color: E-horizon?,-74.11254454079564,0.6348665628178243,0.2228321503308246,0.6051728130863039,0.16851290483339315
HBB_065,HubbardBearBrook,W6,Summer,Low,2023,7,LT163,Oa/A,10.97,Yes,DegreeC60_48h,Yes,all,2.54,0.476,#065,26.54,1.24,1.1181,1.063,1.282,1.296,3.179,Oa,2,NA,0,Oa,3,Oa,2.5,NA,NA,NA,NA,NA,108.26973980188038,0.2496906574420651,0.17418773194120374,0.21713747645951037,0.1070650687527162
HBB_066,HubbardBearBrook,W6,Summer,Low,2023,7,LT172,Mineral_0_10,53.42,Yes,DegreeC60_48h,Yes,<2,37.28,0.4729,#066,3.34,0.19,0.9865,2.262,5.166,3.581,8.556,NA,0,NA,0,B,6,B,5,NA,NA,NA,NA,NA,-22.17324182581626,0.6348665628178243,0.2228321503308246,0.6051728130863039,0.16851290483339315
HBB_067,HubbardBearBrook,W6,Summer,Low,2023,7,LT172,Oi/Oe,13.56,Yes,DegreeC60_48h,Yes,all,7.85,0.4556,#067,42.64,2,1.1052,NA,NA,NA,NA,Oi/Oe,5,Oi/Oe,5,Oi/Oe,2,Oi/Oe,4,NA,NA,NA,NA,NA,95.4831557365512,0.0984582002484677,0.0532811495479952,0.08729411764705883,0.03012466623093683
HBB_068,HubbardBearBrook,W6,Summer,Low,2023,7,LT162,Oi/Oe,22.76,Yes,DegreeC60_48h,Yes,all,16.89,0.5115,#068,26.42,1.24,1.0676,NA,NA,NA,NA,Oi/Oe,4,Oi/Oe,0.5,Oi/Oe,8,Oi/Oe,1,Oi/Oe,2,NA,NA,NA,58.21373241435235,0.0984582002484677,0.0532811495479952,0.08729411764705883,0.03012466623093683
HBB_069,HubbardBearBrook,W6,Summer,Low,2023,7,LT162,Oa/A,55.39,Yes,DegreeC60_48h,Yes,all,NA,0.4649,#069,21.33,1.06,1.0557,2.189,3.059,2.448,4.506,Oa,6,A,6,Oa,4,A,1.5,A,5,NA,NA,NA,46.418356416103144,0.2496906574420651,0.17418773194120374,0.21713747645951037,0.1070650687527162
HBB_070,HubbardBearBrook,W6,Summer,Low,1998,7,LT172,Oi/Oe,12.6,Yes,DegreeC60_48h,Yes,all,2.94,0.4925,#070,45.35,2.8,1.2235,NA,NA,NA,NA,NA,NA,NA,NA,NA,NA,NA,NA,NA,NA,NA,NA,grinded sample before containers were cleaned with count-free and sand,216.4162598241972,0.0984582002484677,0.0532811495479952,0.08729411764705883,0.03012466623093683
HBB_071,HubbardBearBrook,W6,Summer,Low,1998,7,LT168,Oa/A,26.6,Yes,DegreeC60_48h,Yes,all,13.71,0.5363,#071,29.47,1.7,1.0904,6.385,5.99,6.417,6.633,NA,NA,NA,NA,NA,NA,NA,NA,NA,NA,NA,NA,NA,84.08687348778466,0.2496906574420651,0.17418773194120374,0.21713747645951037,0.1070650687527162
HBB_072,HubbardBearBrook,W6,Summer,Low,1998,7,LT163,Oa/A,30.8,Yes,DegreeC60_48h,Yes,all,NA,NA,NA,NA,NA,NA,1.077,1.037,1.143,1.891,NA,NA,NA,NA,NA,NA,NA,NA,NA,NA,NA,NA,NA,NA,0.2496906574420651,0.17418773194120374,0.21713747645951037,0.1070650687527162
HBB_073,HubbardBearBrook,W6,Summer,Low,1998,7,LT162,Oa/A,48.5,Yes,DegreeC60_48h,Yes,all,NA,NA,NA,NA,NA,NA,2.406,3.539,2.522,5.374,NA,NA,NA,NA,NA,NA,NA,NA,NA,NA,NA,NA,NA,NA,0.2496906574420651,0.17418773194120374,0.21713747645951037,0.1070650687527162
HBB_074,HubbardBearBrook,W6,Summer,Low,1998,7,LT172,Oa/A,36.7,Yes,DegreeC60_48h,Yes,all,NA,NA,NA,NA,NA,NA,1.657,2.386,1.73,3.316,NA,NA,NA,NA,NA,NA,NA,NA,NA,NA,NA,NA,For pyro: samples could also be HBB_077; based on values more likely to be HBB_074,NA,0.2496906574420651,0.17418773194120374,0.21713747645951037,0.1070650687527162
HBB_075,HubbardBearBrook,W6,Summer,Low,1998,7,LT174,Oa/A,33,Yes,DegreeC60_48h,Yes,all,NA,0.5432,#075,22.24,1.06,1.0405,1.1,1.551,NA,NA,NA,NA,NA,NA,NA,NA,NA,NA,NA,NA,NA,NA,"Not sure if truly ""low"" location",34.475781239948546,0.2496906574420651,0.17418773194120374,0.21713747645951037,0.1070650687527162
HBB_076,HubbardBearBrook,W6,Summer,Low,1998,7,LT168,Mineral_0_10,66.9,Yes,DegreeC60_48h,Yes,<2,53.64,0.5188,#076,2.67,0.14,0.9802,1.801,5.917,2.772,13.747,NA,NA,NA,NA,NA,NA,NA,NA,NA,NA,NA,NA,NA,-25.47509776895962,0.6348665628178243,0.2228321503308246,0.6051728130863039,0.16851290483339315
HBB_077,HubbardBearBrook,W6,Summer,Low,1998,7,LT174,Mineral_0_10,39.4,Yes,DegreeC60_48h,Yes,<2,26.63,0.4995,#077,5.14,0.26,0.9939,2.666,12.186,3.496,15.522,NA,NA,NA,NA,NA,NA,NA,NA,NA,NA,NA,NA,For pyro: samples could also be HBB_074; based on values more likely to be HBB_077,-11.854417131778039,0.6348665628178243,0.2228321503308246,0.6051728130863039,0.16851290483339315
HBB_079,HubbardBearBrook,W6,Summer,Low,1998,7,LT162,Mineral_0_10,61.1,Yes,DegreeC60_48h,Yes,<2,48.05,0.4709,#079,5.68,0.26,0.9447,14.307,8.586,17.03,12.145,NA,NA,NA,NA,NA,NA,NA,NA,NA,NA,NA,NA,NA,-60.76956219377283,0.6348665628178243,0.2228321503308246,0.6051728130863039,0.16851290483339315
HBB_080,HubbardBearBrook,W6,Summer,Low,1998,7,LT163,Mineral_0_10,85.3,Yes,DegreeC60_48h,Yes,<2,70.81,0.4716,#080,2.56,0.11,0.9989,0.659,0.869,1.267,3.562,NA,NA,NA,NA,NA,NA,NA,NA,NA,NA,NA,NA,NA,-6.88336580433957,0.6348665628178243,0.2228321503308246,0.6051728130863039,0.16851290483339315
HBB_081,HubbardBearBrook,W6,Summer,Low,2000,7,LT172,Oi/Oe,15,Yes,DegreeC60_48h,Yes,all,3.94,0.4694,#081,42.63,2.33,1.1769,NA,NA,NA,NA,NA,NA,NA,NA,NA,NA,NA,NA,NA,NA,NA,NA,NA,169.80300507347357,0.0984582002484677,0.0532811495479952,0.08729411764705883,0.03012466623093683
HBB_082,HubbardBearBrook,W6,Summer,Low,2000,7,LT172,Oa/A,17,Yes,DegreeC60_48h,Yes,all,NA,NA,NA,NA,NA,NA,4.941,4.949,5.2,5.715,NA,NA,NA,NA,NA,NA,NA,NA,NA,NA,NA,NA,NA,NA,0.2496906574420651,0.17418773194120374,0.21713747645951037,0.1070650687527162
HBB_083,HubbardBearBrook,W6,Summer,Low,2000,7,LT172,Mineral_0_10,51,Yes,DegreeC60_48h,Yes,<2,31.08,0.4513,#083,1.6,0.08,0.8601,1.881,1.417,3.331,5.589,NA,NA,NA,NA,NA,NA,NA,NA,NA,NA,NA,NA,NA,-145.0866134219606,0.6348665628178243,0.2228321503308246,0.6051728130863039,0.16851290483339315
HBB_084,HubbardBearBrook,W6,Summer,Low,2000,7,LT174,Oi/Oe,9.4,Yes,DegreeC60_48h,Yes,all,0,0.4553,#084,38.8,1.88,1.1834,NA,NA,NA,NA,NA,NA,NA,NA,NA,NA,NA,NA,NA,NA,NA,NA,grinded sample before containers were cleaned with count-free and sand,176.26380848325996,0.0984582002484677,0.0532811495479952,0.08729411764705883,0.03012466623093683
HBB_085,HubbardBearBrook,W6,Summer,Low,2000,7,LT174,Oa/A,18.5,Yes,DegreeC60_48h,Yes,all,NA,NA,NA,NA,NA,NA,7.155,4.23,7.652,5.178,NA,NA,NA,NA,NA,NA,NA,NA,NA,NA,NA,NA,NA,NA,0.2496906574420651,0.17418773194120374,0.21713747645951037,0.1070650687527162
HBB_086,HubbardBearBrook,W6,Summer,Low,2000,7,LT174,Mineral_0_10,43.3,Yes,DegreeC60_48h,Yes,<2,26.18,NA,NA,5.17,0.28,NA,4.102,6.831,5.069,9.18,NA,NA,NA,NA,NA,NA,NA,NA,NA,NA,NA,NA,NA,NA,0.6348665628178243,0.2228321503308246,0.6051728130863039,0.16851290483339315
HBB_087,HubbardBearBrook,W6,Summer,Low,2000,7,LT162,Oi/Oe,13.6,Yes,DegreeC60_48h,Yes,all,3.02,NA,NA,40.77,1.79,NA,NA,NA,NA,NA,NA,NA,NA,NA,NA,NA,NA,NA,NA,NA,NA,NA,NA,NA,0.0984582002484677,0.0532811495479952,0.08729411764705883,0.03012466623093683
HBB_088,HubbardBearBrook,W6,Summer,Low,2000,7,LT162,Oa/A,26.6,Yes,DegreeC60_48h,Yes,all,NA,NA,NA,8.37,0.48,NA,1.98,3.49,2.516,7.806,NA,NA,NA,NA,NA,NA,NA,NA,NA,NA,NA,NA,NA,NA,0.2496906574420651,0.17418773194120374,0.21713747645951037,0.1070650687527162
HBB_089,HubbardBearBrook,W6,Summer,Low,2000,7,LT162,Mineral_0_10,27.9,Yes,DegreeC60_48h,Yes,<2,10.94,NA,NA,5.85,0.29,NA,6.721,5.385,7.179,7.725,NA,NA,NA,NA,NA,NA,NA,NA,NA,NA,NA,NA,NA,NA,0.6348665628178243,0.2228321503308246,0.6051728130863039,0.16851290483339315
HBB_090,HubbardBearBrook,W6,Summer,Low,2000,7,LT163,Oi/Oe,19.4,Yes,DegreeC60_48h,Yes,all,7.58,NA,NA,43.02,1.84,NA,NA,NA,NA,NA,NA,NA,NA,NA,NA,NA,NA,NA,NA,NA,NA,NA,NA,NA,0.0984582002484677,0.0532811495479952,0.08729411764705883,0.03012466623093683
HBB_091,HubbardBearBrook,W6,Summer,Low,2000,7,LT163,Oa/A,21.4,Yes,DegreeC60_48h,Yes,all,NA,NA,NA,NA,NA,NA,0.974,1.529,1.149,3.163,NA,NA,NA,NA,NA,NA,NA,NA,NA,NA,NA,NA,NA,NA,0.2496906574420651,0.17418773194120374,0.21713747645951037,0.1070650687527162
HBB_092,HubbardBearBrook,W6,Summer,Low,2000,7,LT163,Mineral_0_10,31.3,Yes,DegreeC60_48h,Yes,<2,15.9,NA,NA,6.31,0.29,NA,1.616,2.997,2.266,6.699,NA,NA,NA,NA,NA,NA,NA,NA,NA,NA,NA,NA,NA,NA,0.6348665628178243,0.2228321503308246,0.6051728130863039,0.16851290483339315
HBB_093,HubbardBearBrook,W6,Summer,Low,2000,7,LT168,Oi/Oe,12.2,Yes,DegreeC60_48h,Yes,all,2.7,NA,NA,37.62,1.83,NA,NA,NA,NA,NA,NA,NA,NA,NA,NA,NA,NA,NA,NA,NA,NA,NA,NA,NA,0.0984582002484677,0.0532811495479952,0.08729411764705883,0.03012466623093683
HBB_094,HubbardBearBrook,W6,Summer,Low,2000,7,LT168,Mineral_0_10,44.2,Yes,DegreeC60_48h,Yes,<2,24.67,NA,NA,3.31,0.15,NA,1.008,2.27,1.748,5.446,NA,NA,NA,NA,NA,NA,NA,NA,NA,NA,NA,NA,NA,NA,0.6348665628178243,0.2228321503308246,0.6051728130863039,0.16851290483339315
HBB_095,HubbardBearBrook,W6,Summer,Low,2002,7,LT168,Oi/Oe,11.1,Yes,DegreeC60_48h,Yes,all,0,NA,NA,42.69,1.74,NA,NA,NA,NA,NA,Oi/Oe,6,Oi/Oe,3.5,Oi/Oe,5,NA,NA,NA,NA,NA,NA,"Grinded sample before containers were cleaned with count-free and sand; container opend during grinding, only transferred material that was inside the grinding container; used 'non-clean room' grinding balls",NA,0.0984582002484677,0.0532811495479952,0.08729411764705883,0.03012466623093683
HBB_096,HubbardBearBrook,W6,Summer,Low,2002,7,LT168,Mineral_0_10,54.7,Yes,DegreeC60_48h,Yes,<2,34.39,NA,NA,3.64,0.21,NA,1.216,4.479,1.969,7.874,E,5,E,7,B,12,NA,NA,NA,NA,NA,NA,Oa/A: 4 / 2.5 / 1,NA,0.6348665628178243,0.2228321503308246,0.6051728130863039,0.16851290483339315
HBB_097,HubbardBearBrook,W6,Summer,Low,2002,7,LT172,Oi/Oe,14.7,Yes,DegreeC60_48h,Yes,all,3.84,NA,NA,31.87,1.69,NA,NA,NA,NA,NA,Oi/Oe,6.5,Oi/Oe,4,NA,NA,NA,NA,NA,NA,NA,NA,NA,NA,0.0984582002484677,0.0532811495479952,0.08729411764705883,0.03012466623093683
HBB_098,HubbardBearBrook,W6,Summer,Low,2002,7,LT172,Oa/A,21.1,Yes,DegreeC60_48h,Yes,all,NA,NA,NA,NA,NA,NA,1.875,3.16,2.41,5.033,Oa,6.5,Oa,0.5,NA,NA,NA,NA,NA,NA,NA,NA,NA,NA,0.2496906574420651,0.17418773194120374,0.21713747645951037,0.1070650687527162
HBB_099,HubbardBearBrook,W6,Summer,Low,2002,7,LT172,Mineral_0_10,40.4,Yes,DegreeC60_48h,Yes,<2,23.13,NA,NA,4.32,0.23,NA,3.691,10.221,4.801,14.103,B,2,E/B,13.5,NA,NA,NA,NA,NA,NA,NA,NA,NA,NA,0.6348665628178243,0.2228321503308246,0.6051728130863039,0.16851290483339315
HBB_100,HubbardBearBrook,W6,Summer,Low,2002,7,LT163,Oi/Oe,10.7,Yes,DegreeC60_48h,Yes,all,0,0.477,#074,40.73,1.82,1.1979,NA,NA,NA,NA,Oi/Oe,4.5,Oi/Oe,4.5,NA,NA,NA,NA,NA,NA,NA,NA,put woody material from HBB_115 in HBB_100 root vial; weight errounous; grinded sample before containers were cleaned with count-free and sand; used 'non-clean room' grinding balls,190.3883325402067,0.0984582002484677,0.0532811495479952,0.08729411764705883,0.03012466623093683
HBB_101,HubbardBearBrook,W6,Summer,Low,2002,7,LT163,Oa/A,18.1,Yes,DegreeC60_48h,Yes,all,NA,NA,NA,33.8,1.36,NA,1.474,1.237,1.514,2.258,Oa,6.5,Oa,3.5,NA,NA,NA,NA,NA,NA,NA,NA,NA,NA,0.2496906574420651,0.17418773194120374,0.21713747645951037,0.1070650687527162
HBB_102,HubbardBearBrook,W6,Summer,Low,2002,7,LT163,Mineral_0_10,14.9,Yes,DegreeC60_48h,Yes,<2,2.67,NA,NA,4.14,0.16,NA,0.51,0.42,1.166,4.491,E,5,E,2,NA,NA,NA,NA,NA,NA,NA,NA,NA,NA,0.6348665628178243,0.2228321503308246,0.6051728130863039,0.16851290483339315
HBB_103,HubbardBearBrook,W6,Summer,Low,2002,7,LT162,Oi/Oe,13.8,Yes,DegreeC60_48h,Yes,all,3.21,0.4725,#036,35.56,1.73,1.1693,NA,NA,NA,NA,Oi/Oe,3,Oi/Oe,3,NA,NA,NA,NA,NA,NA,NA,NA,grinded sample before containers were cleaned with count-free and sand,161.96767446303005,0.0984582002484677,0.0532811495479952,0.08729411764705883,0.03012466623093683
HBB_104,HubbardBearBrook,W6,Summer,Low,2002,7,LT162,Oa/A,13.7,Yes,DegreeC60_48h,Yes,all,NA,NA,NA,NA,NA,NA,1.101,1.701,1.294,3.487,A,5.5,NA,2,NA,NA,NA,NA,NA,NA,NA,NA,NA,NA,0.2496906574420651,0.17418773194120374,0.21713747645951037,0.1070650687527162
HBB_105,HubbardBearBrook,W6,Summer,Low,2002,7,LT162,Mineral_0_10,61.3,Yes,DegreeC60_48h,Yes,<2,40.22,NA,NA,6.42,0.31,NA,5.334,6.547,6.004,11.302,B,10,B,11,NA,NA,NA,NA,NA,NA,NA,NA,NA,NA,0.6348665628178243,0.2228321503308246,0.6051728130863039,0.16851290483339315
HBB_106,HubbardBearBrook,W6,Summer,Low,2002,7,LT174,Oi/Oe,10.6,Yes,DegreeC60_48h,Yes,all,0,0.4735,#034,43.02,2.04,1.1615,NA,NA,NA,NA,Oi/Oe,8.5,Oi/Oe,7.5,NA,NA,NA,NA,NA,NA,NA,NA,grinded sample before containers were cleaned with count-free and sand; used 'non-clean room' grinding balls,154.21658589652742,0.0984582002484677,0.0532811495479952,0.08729411764705883,0.03012466623093683
HBB_107,HubbardBearBrook,W6,Summer,Low,2002,7,LT174,Oa/A,13.4,Yes,DegreeC60_48h,Yes,all,NA,NA,NA,37.35,1.49,NA,0.978,0.644,0.992,1.535,Oa,8.5,Oa,2.5,NA,NA,NA,NA,NA,NA,NA,NA,NA,NA,0.2496906574420651,0.17418773194120374,0.21713747645951037,0.1070650687527162
HBB_108,HubbardBearBrook,W6,Summer,Low,2002,7,LT174,Mineral_0_10,75.5,Yes,DegreeC60_48h,Yes,<2,56.89,NA,NA,6.27,0.31,NA,0.871,1.377,1.168,3.971,E,1,NA,0,NA,NA,NA,NA,NA,NA,NA,NA,NA,NA,0.6348665628178243,0.2228321503308246,0.6051728130863039,0.16851290483339315
HBB_109,HubbardBearBrook,W6,Summer,Low,2004,7,LT163,Oi/Oe,12.6,Yes,DegreeC60_48h,Yes,all,2.91,0.4515,#025,48.14,1.76,1.1401,NA,NA,NA,NA,NA,5,NA,1,NA,1,NA,6,NA,NA,NA,NA,grinded sample before containers were cleaned with count-free and sand,132.67670584833314,0.0984582002484677,0.0532811495479952,0.08729411764705883,0.03012466623093683
HBB_110,HubbardBearBrook,W6,Summer,Low,2004,7,LT163,Oa/A,13.7,Yes,DegreeC60_48h,Yes,all,NA,NA,NA,23.71,0.88,NA,1.362,2.425,1.484,3.603,NA,1,NA,3,NA,4,NA,2,NA,NA,NA,NA,NA,NA,0.2496906574420651,0.17418773194120374,0.21713747645951037,0.1070650687527162
HBB_111,HubbardBearBrook,W6,Summer,Low,2004,7,LT163,Mineral_0_10,31.7,Yes,DegreeC60_48h,Yes,<2,15.33,NA,NA,3.59,0.17,NA,0.989,1.878,1.663,5.466,NA,0,NA,5,NA,2,NA,0,NA,NA,NA,NA,NA,NA,0.6348665628178243,0.2228321503308246,0.6051728130863039,0.16851290483339315
HBB_112,HubbardBearBrook,W6,Summer,Low,2004,7,LT162,Oi/Oe,17.2,Yes,DegreeC60_48h,Yes,all,7.04,0.4872,#072,41.67,1.75,1.142,NA,NA,NA,NA,NA,0,NA,6,NA,1,NA,1,NA,NA,NA,NA,Duplicate sample found in archive (not included),134.56433477659547,0.0984582002484677,0.0532811495479952,0.08729411764705883,0.03012466623093683
HBB_113,HubbardBearBrook,W6,Summer,Low,2004,7,LT162,Oa/A,27.1,Yes,DegreeC60_48h,Yes,all,NA,NA,NA,13.71,0.72,NA,3.825,4.89,4.304,6.096,NA,3,NA,6,NA,8,NA,4,NA,NA,NA,NA,Duplicate sample found in archive (not included),NA,0.2496906574420651,0.17418773194120374,0.21713747645951037,0.1070650687527162
HBB_114,HubbardBearBrook,W6,Summer,Low,2004,7,LT162,Mineral_0_10,41.9,Yes,DegreeC60_48h,Yes,<2,23.18,NA,NA,6.26,0.29,NA,4.961,4.137,5.988,8.395,NA,4,NA,0,NA,4,NA,1,NA,NA,NA,NA,NA,NA,0.6348665628178243,0.2228321503308246,0.6051728130863039,0.16851290483339315
HBB_115,HubbardBearBrook,W6,Summer,Low,2004,7,LT168,Oi/Oe,12.6,Yes,DegreeC60_48h,Yes,all,2.15,0.5081,#073,40.67,2.14,1.1635,NA,NA,NA,NA,NA,3,NA,2,NA,3,NA,NA,NA,NA,NA,NA,put woody material from HBB_115 in HBB_100 root vial; weight errounous; grinded sample before containers were cleaned with count-free and sand,155.9243463332478,0.0984582002484677,0.0532811495479952,0.08729411764705883,0.03012466623093683
HBB_116,HubbardBearBrook,W6,Summer,Low,2004,7,LT168,Oa/A,18.8,Yes,DegreeC60_48h,Yes,all,NA,NA,NA,12.73,0.6,NA,1.756,5.932,2.195,8.421,NA,3,NA,3,NA,4,NA,NA,NA,NA,NA,NA,NA,NA,0.2496906574420651,0.17418773194120374,0.21713747645951037,0.1070650687527162
HBB_117,HubbardBearBrook,W6,Summer,Low,2004,7,LT168,Mineral_0_10,53.5,Yes,DegreeC60_48h,Yes,<2,32.31,NA,NA,4.09,0.21,NA,5.005,9.489,5.933,13.135,NA,8,NA,8,NA,7,NA,NA,NA,NA,NA,NA,Duplicate sample found in archive (not included),NA,0.6348665628178243,0.2228321503308246,0.6051728130863039,0.16851290483339315
HBB_118,HubbardBearBrook,W6,Summer,Low,2004,7,LT172,Oi/Oe,18.2,Yes,DegreeC60_48h,Yes,all,7.61,0.4636,#035,45.57,2.43,1.1784,NA,NA,NA,NA,Oi/Oe,5,Oi/Oe,5.5,Oi/Oe,2.5,NA,NA,NA,NA,NA,NA,NA,170.72733108646253,0.0984582002484677,0.0532811495479952,0.08729411764705883,0.03012466623093683
HBB_119,HubbardBearBrook,W6,Summer,Low,2004,7,LT172,Oa/A,26.4,Yes,DegreeC60_48h,Yes,all,NA,NA,NA,25.97,1.46,NA,2.991,3.486,3.136,4.402,Oa,3,Oa,5.5,Oa,2.5,NA,NA,NA,NA,NA,NA,NA,NA,0.2496906574420651,0.17418773194120374,0.21713747645951037,0.1070650687527162
HBB_120,HubbardBearBrook,W6,Summer,Low,2004,7,LT172,Mineral_0_10,40.7,Yes,DegreeC60_48h,Yes,<2,24.31,NA,NA,4.3,0.23,NA,1.615,2.547,2.495,7.393,E,1.5,NA,0,E,5,NA,NA,NA,NA,NA,NA,NA,NA,0.6348665628178243,0.2228321503308246,0.6051728130863039,0.16851290483339315
HBB_121,HubbardBearBrook,W6,Summer,Low,2004,7,LT174,Oi/Oe,14.4,Yes,DegreeC60_48h,Yes,all,3.64,0.4618,#082,45.26,2.1,1.1601,NA,NA,NA,NA,Oi/Oe,4,Oi/Oe,3,Oi/Oe,4,Oi/Oe,4,Oi/Oe,2,NA,NA,NA,152.54648404056792,0.0984582002484677,0.0532811495479952,0.08729411764705883,0.03012466623093683
HBB_122,HubbardBearBrook,W6,Summer,Low,2004,7,LT174,Oa/A,28.3,Yes,DegreeC60_48h,Yes,all,NA,NA,NA,32.9,1.41,NA,1.94,1.565,2.022,2.43,Oa,4,Oa,6,Oa,2,Oa,5,Oa,4,NA,NA,Duplicate sample found in archive (not included),NA,0.2496906574420651,0.17418773194120374,0.21713747645951037,0.1070650687527162
HBB_123,HubbardBearBrook,W6,Summer,Low,2004,7,LT174,Mineral_0_10,28.9,Yes,DegreeC60_48h,Yes,<2,10.92,NA,NA,6.12,0.29,NA,2.357,8.37,2.984,11.031,NA,0,E,0.5,E,1,NA,0,E/B,4,NA,NA,Did not clean sieving pan before sieving sample,NA,0.6348665628178243,0.2228321503308246,0.6051728130863039,0.16851290483339315
HBB_124,HubbardBearBrook,W6,Summer,Low,2006,5,LT163,Oi/Oe,7.1,Yes,DegreeC60_48h,Yes,all,0,0.0025,#011,45.89,1.86,1.1493,NA,NA,NA,NA,Oi/Oe,12,Oi/Oe,9,Oi/Oe,9,Oi/Oe,8,Oi/Oe,2,NA,NA,"grinded sample before containers were cleaned with count-free and sand; Remnant  from old batch, not finely ground",141.54058607465348,0.0984582002484677,0.0532811495479952,0.08729411764705883,0.03012466623093683
HBB_125,HubbardBearBrook,W6,Summer,Low,2006,5,LT163,Oa/A,12.6,Yes,DegreeC60_48h,Yes,all,NA,NA,NA,32.03,1.29,NA,0.976,1.294,1.089,2.836,Oa,2,Oa/A,4,Oa/A,3,Oa,4,Oa/A,2,NA,NA,NA,NA,0.2496906574420651,0.17418773194120374,0.21713747645951037,0.1070650687527162
HBB_126,HubbardBearBrook,W6,Summer,Low,2006,5,LT163,Mineral_0_10,50.5,Yes,DegreeC60_48h,Yes,<2,30.15,NA,NA,4.96,0.23,NA,0.876,1.827,1.449,5.328,NA,0,NA,0,NA,0,NA,0,E/B,10,NA,NA,NA,NA,0.6348665628178243,0.2228321503308246,0.6051728130863039,0.16851290483339315
HBB_127,HubbardBearBrook,W6,Summer,Low,2006,5,LT162,Oi/Oe,15.9,Yes,DegreeC60_48h,Yes,all,5.34,0.5017,#085,41.19,1.24,1.0517,NA,NA,NA,NA,Oi/Oe,4,Oi/Oe,12,Oi/Oe,6,Oi/Oe,2,Oi/Oe,3,NA,NA,NA,44.59952525425304,0.0984582002484677,0.0532811495479952,0.08729411764705883,0.03012466623093683
HBB_128,HubbardBearBrook,W6,Summer,Low,2006,5,LT162,Oa/A,18.9,Yes,DegreeC60_48h,Yes,all,NA,0.4611,#055,38.23,1.62,1.0756,1.513,2.86,1.53,3.906,Oa/A,7,Oa/A,5,Oa,4,Oa/A,9,Oa/A,5,NA,NA,NA,68.33816617236322,0.2496906574420651,0.17418773194120374,0.21713747645951037,0.1070650687527162
HBB_129,HubbardBearBrook,W6,Summer,Low,2006,5,LT168,Oi/Oe,8.6,Yes,DegreeC60_48h,Yes,all,0,0.4191,#015,36.42,1.76,1.1279,NA,NA,NA,NA,Oi/Oe,1,Oi/Oe,3,Oi/Oe,2,Oi/Oe,4,Oi/Oe,4,NA,NA,grinded sample before containers were cleaned with count-free and sand,120.28506659149186,0.0984582002484677,0.0532811495479952,0.08729411764705883,0.03012466623093683
HBB_130,HubbardBearBrook,W6,Summer,Low,2006,5,LT168,Mineral_0_10,42,Yes,DegreeC60_48h,Yes,<2,26.65,0.4732,#045,6.58,0.32,0.9593,1.566,2.691,2.264,4.913,B,10,B,10,B,10,NA,0,NA,0,NA,NA,Oa/A: 4 / 3 / trace / 3 / trace,-47.17664298145385,0.6348665628178243,0.2228321503308246,0.6051728130863039,0.16851290483339315
HBB_131,HubbardBearBrook,W6,Summer,Low,2006,5,LT172,Oa/A,17.5,Yes,DegreeC60_48h,Yes,all,NA,0.4885,#037,11.06,0.63,1.1064,1.232,4.067,1.489,4.371,Oa,7,Oa,11,Oa,9,Oa,2,Oa,2,NA,NA,Oi/Oe: 7 / 5 / 4 / 3 / 3,98.9302222509325,0.2496906574420651,0.17418773194120374,0.21713747645951037,0.1070650687527162
HBB_132,HubbardBearBrook,W6,Summer,Low,2006,5,LT172,Mineral_0_10,40.6,Yes,DegreeC60_48h,Yes,<2,22.56,0.4953,#038,3.6,0.22,1.0188,2.068,7.672,2.961,10.111,NA,0,NA,0,E,1,B,4,B,8,NA,NA,NA,11.921647170326954,0.6348665628178243,0.2228321503308246,0.6051728130863039,0.16851290483339315
HBB_133,HubbardBearBrook,W6,Summer,Low,2006,5,LT174,Oi/Oe,8.4,Yes,DegreeC60_48h,Yes,all,0,0.3583,#054,29.05,1.59,1.1217,NA,NA,NA,NA,Oi/Oe,4,Oi/Oe,2,Oi/Oe,6,NA,NA,NA,NA,NA,NA,grinded sample before containers were cleaned with count-free and sand,114.12692543281877,0.0984582002484677,0.0532811495479952,0.08729411764705883,0.03012466623093683
HBB_134,HubbardBearBrook,W6,Summer,Low,2006,5,LT174,Oa/A,36.2,Yes,DegreeC60_48h,Yes,all,NA,NA,NA,NA,NA,NA,9.503,4.153,9.648,5.337,Oa,4,A,2,Oa,5,NA,NA,NA,NA,NA,NA,NA,NA,0.2496906574420651,0.17418773194120374,0.21713747645951037,0.1070650687527162
HBB_135,HubbardBearBrook,W6,Summer,Low,2006,5,LT174,Mineral_0_10,21.6,Yes,DegreeC60_48h,Yes,<2,7.61,0.5282,#039,9.76,0.47,0.9651,4.493,11.826,5.356,13.781,NA,0,B,7,E,2,NA,NA,NA,NA,NA,NA,That was the sample that was sieved before HBB_123 was sieved without cleaning the sieving pan,-41.415801252372766,0.6348665628178243,0.2228321503308246,0.6051728130863039,0.16851290483339315
HBB_136,HubbardBearBrook,W6,Summer,Low,2006,5,LT162,Mineral_0_10,59.82,Yes,DegreeC60_48h,Yes,<2,39.09,0.5327,#042,4,0.15,0.9494,1.539,5.086,2.15,7.642,E,3,NA,0,NA,0,NA,0,E,6,NA,NA,NA,-57.00980386385102,0.6348665628178243,0.2228321503308246,0.6051728130863039,0.16851290483339315
HBB_137,HubbardBearBrook,W6,Summer,Low,1998,NA,all fine roots,Oi/Oe,NA,Yes,DegreeC60_48h,Yes,NA,NA,NA,NA,NA,NA,NA,NA,NA,NA,NA,NA,NA,NA,NA,NA,NA,NA,NA,NA,NA,NA,NA,NA,NA,0.0984582002484677,0.0532811495479952,0.08729411764705883,0.03012466623093683
HBB_138,HubbardBearBrook,W6,Summer,Low,1998,NA,all fine roots,Oa/A,NA,Yes,DegreeC60_48h,Yes,NA,NA,NA,NA,NA,NA,NA,NA,NA,NA,NA,NA,NA,NA,NA,NA,NA,NA,NA,NA,NA,NA,NA,NA,NA,0.2496906574420651,0.17418773194120374,0.21713747645951037,0.1070650687527162
HBB_139,HubbardBearBrook,W6,Summer,Low,1998,NA,all fine roots,Mineral_0_10,NA,Yes,DegreeC60_48h,Yes,NA,NA,NA,NA,NA,NA,NA,NA,NA,NA,NA,NA,NA,NA,NA,NA,NA,NA,NA,NA,NA,NA,NA,NA,NA,0.6348665628178243,0.2228321503308246,0.6051728130863039,0.16851290483339315
HBB_140,HubbardBearBrook,W6,Summer,Low,2000,NA,all fine roots,Oi/Oe,NA,Yes,DegreeC60_48h,Yes,NA,NA,NA,NA,NA,NA,NA,NA,NA,NA,NA,NA,NA,NA,NA,NA,NA,NA,NA,NA,NA,NA,NA,NA,NA,0.0984582002484677,0.0532811495479952,0.08729411764705883,0.03012466623093683
HBB_141,HubbardBearBrook,W6,Summer,Low,2000,NA,all fine roots,Oa/A,NA,Yes,DegreeC60_48h,Yes,NA,NA,NA,NA,NA,NA,NA,NA,NA,NA,NA,NA,NA,NA,NA,NA,NA,NA,NA,NA,NA,NA,NA,NA,NA,0.2496906574420651,0.17418773194120374,0.21713747645951037,0.1070650687527162
HBB_142,HubbardBearBrook,W6,Summer,Low,2000,NA,all fine roots,Mineral_0_10,NA,Yes,DegreeC60_48h,Yes,NA,NA,NA,NA,NA,NA,NA,NA,NA,NA,NA,NA,NA,NA,NA,NA,NA,NA,NA,NA,NA,NA,NA,NA,NA,0.6348665628178243,0.2228321503308246,0.6051728130863039,0.16851290483339315
HBB_143,HubbardBearBrook,W6,Summer,Low,2002,NA,all fine roots,Oi/Oe,NA,Yes,DegreeC60_48h,Yes,NA,NA,NA,NA,NA,NA,NA,NA,NA,NA,NA,NA,NA,NA,NA,NA,NA,NA,NA,NA,NA,NA,NA,NA,NA,0.0984582002484677,0.0532811495479952,0.08729411764705883,0.03012466623093683
HBB_144,HubbardBearBrook,W6,Summer,Low,2002,NA,all fine roots,Oa/A,NA,Yes,DegreeC60_48h,Yes,NA,NA,NA,NA,NA,NA,NA,NA,NA,NA,NA,NA,NA,NA,NA,NA,NA,NA,NA,NA,NA,NA,NA,NA,NA,0.2496906574420651,0.17418773194120374,0.21713747645951037,0.1070650687527162
HBB_145,HubbardBearBrook,W6,Summer,Low,2002,NA,all fine roots,Mineral_0_10,NA,Yes,DegreeC60_48h,Yes,NA,NA,NA,NA,NA,NA,NA,NA,NA,NA,NA,NA,NA,NA,NA,NA,NA,NA,NA,NA,NA,NA,NA,NA,NA,0.6348665628178243,0.2228321503308246,0.6051728130863039,0.16851290483339315
HBB_146,HubbardBearBrook,W6,Summer,Low,2004,NA,all fine roots,Oi/Oe,NA,Yes,DegreeC60_48h,Yes,NA,NA,NA,NA,NA,NA,NA,NA,NA,NA,NA,NA,NA,NA,NA,NA,NA,NA,NA,NA,NA,NA,NA,NA,NA,0.0984582002484677,0.0532811495479952,0.08729411764705883,0.03012466623093683
HBB_147,HubbardBearBrook,W6,Summer,Low,2004,NA,all fine roots,Oa/A,NA,Yes,DegreeC60_48h,Yes,NA,NA,NA,NA,NA,NA,NA,NA,NA,NA,NA,NA,NA,NA,NA,NA,NA,NA,NA,NA,NA,NA,NA,NA,NA,0.2496906574420651,0.17418773194120374,0.21713747645951037,0.1070650687527162
HBB_148,HubbardBearBrook,W6,Summer,Low,2004,NA,all fine roots,Mineral_0_10,NA,Yes,DegreeC60_48h,Yes,NA,NA,NA,NA,NA,NA,NA,NA,NA,NA,NA,NA,NA,NA,NA,NA,NA,NA,NA,NA,NA,NA,NA,NA,NA,0.6348665628178243,0.2228321503308246,0.6051728130863039,0.16851290483339315
HBB_149,HubbardBearBrook,W6,Summer,Low,2006,NA,all fine roots,Oi/Oe,NA,Yes,DegreeC60_48h,Yes,NA,NA,NA,NA,NA,NA,NA,NA,NA,NA,NA,NA,NA,NA,NA,NA,NA,NA,NA,NA,NA,NA,NA,NA,NA,0.0984582002484677,0.0532811495479952,0.08729411764705883,0.03012466623093683
HBB_150,HubbardBearBrook,W6,Summer,Low,2006,NA,all fine roots,Oa/A,NA,Yes,DegreeC60_48h,Yes,NA,NA,NA,NA,NA,NA,NA,NA,NA,NA,NA,NA,NA,NA,NA,NA,NA,NA,NA,NA,NA,NA,NA,NA,NA,0.2496906574420651,0.17418773194120374,0.21713747645951037,0.1070650687527162
HBB_151,HubbardBearBrook,W6,Summer,Low,2006,NA,all fine roots,Mineral_0_10,NA,Yes,DegreeC60_48h,Yes,NA,NA,NA,NA,NA,NA,NA,NA,NA,NA,NA,NA,NA,NA,NA,NA,NA,NA,NA,NA,NA,NA,NA,NA,NA,0.6348665628178243,0.2228321503308246,0.6051728130863039,0.16851290483339315
HBB_152,HubbardBearBrook,W6,Summer,Low,2010,NA,all fine roots,Oi/Oe,NA,Yes,DegreeC60_48h,Yes,NA,NA,NA,NA,NA,NA,NA,NA,NA,NA,NA,NA,NA,NA,NA,NA,NA,NA,NA,NA,NA,NA,NA,NA,NA,0.0984582002484677,0.0532811495479952,0.08729411764705883,0.03012466623093683
HBB_153,HubbardBearBrook,W6,Summer,Low,2010,NA,all fine roots,Oa/A,NA,Yes,DegreeC60_48h,Yes,NA,NA,NA,NA,NA,NA,NA,NA,NA,NA,NA,NA,NA,NA,NA,NA,NA,NA,NA,NA,NA,NA,NA,NA,NA,0.2496906574420651,0.17418773194120374,0.21713747645951037,0.1070650687527162
HBB_154,HubbardBearBrook,W6,Summer,Low,2010,NA,all fine roots,Mineral_0_10,NA,Yes,DegreeC60_48h,Yes,NA,NA,NA,NA,NA,NA,NA,NA,NA,NA,NA,NA,NA,NA,NA,NA,NA,NA,NA,NA,NA,NA,NA,NA,NA,0.6348665628178243,0.2228321503308246,0.6051728130863039,0.16851290483339315
HBB_155,HubbardBearBrook,W6,Summer,Low,2018,NA,all fine roots,Oi/Oe,NA,Yes,DegreeC60_48h,Yes,NA,NA,NA,NA,NA,NA,NA,NA,NA,NA,NA,NA,NA,NA,NA,NA,NA,NA,NA,NA,NA,NA,NA,NA,NA,0.0984582002484677,0.0532811495479952,0.08729411764705883,0.03012466623093683
HBB_156,HubbardBearBrook,W6,Summer,Low,2018,NA,all fine roots,Oa/A,NA,Yes,DegreeC60_48h,Yes,NA,NA,NA,NA,NA,NA,NA,NA,NA,NA,NA,NA,NA,NA,NA,NA,NA,NA,NA,NA,NA,NA,NA,NA,NA,0.2496906574420651,0.17418773194120374,0.21713747645951037,0.1070650687527162
HBB_157,HubbardBearBrook,W6,Summer,Low,2018,NA,all fine roots,Mineral_0_10,NA,Yes,DegreeC60_48h,Yes,NA,NA,NA,NA,NA,NA,NA,NA,NA,NA,NA,NA,NA,NA,NA,NA,NA,NA,NA,NA,NA,NA,NA,NA,NA,0.6348665628178243,0.2228321503308246,0.6051728130863039,0.16851290483339315
HBB_158,HubbardBearBrook,W6,Summer,Low,2021,NA,all fine roots,Oi/Oe,NA,Yes,DegreeC60_48h,Yes,NA,NA,NA,NA,NA,NA,NA,NA,NA,NA,NA,NA,NA,NA,NA,NA,NA,NA,NA,NA,NA,NA,NA,NA,NA,0.0984582002484677,0.0532811495479952,0.08729411764705883,0.03012466623093683
HBB_159,HubbardBearBrook,W6,Summer,Low,2021,NA,all fine roots,Oa/A,NA,Yes,DegreeC60_48h,Yes,NA,NA,NA,NA,NA,NA,NA,NA,NA,NA,NA,NA,NA,NA,NA,NA,NA,NA,NA,NA,NA,NA,NA,NA,NA,0.2496906574420651,0.17418773194120374,0.21713747645951037,0.1070650687527162
HBB_160,HubbardBearBrook,W6,Summer,Low,2021,NA,all fine roots,Mineral_0_10,NA,Yes,DegreeC60_48h,Yes,NA,NA,NA,NA,NA,NA,NA,NA,NA,NA,NA,NA,NA,NA,NA,NA,NA,NA,NA,NA,NA,NA,NA,NA,NA,0.6348665628178243,0.2228321503308246,0.6051728130863039,0.16851290483339315
HBB_161,HubbardBearBrook,W6,Summer,Low,2023,NA,all fine roots,Oi/Oe,NA,Yes,DegreeC60_48h,Yes,NA,NA,NA,NA,NA,NA,NA,NA,NA,NA,NA,NA,NA,NA,NA,NA,NA,NA,NA,NA,NA,NA,NA,NA,NA,0.0984582002484677,0.0532811495479952,0.08729411764705883,0.03012466623093683
HBB_162,HubbardBearBrook,W6,Summer,Low,2023,NA,all fine roots,Oa/A,NA,Yes,DegreeC60_48h,Yes,NA,NA,NA,NA,NA,NA,NA,NA,NA,NA,NA,NA,NA,NA,NA,NA,NA,NA,NA,NA,NA,NA,NA,NA,NA,0.2496906574420651,0.17418773194120374,0.21713747645951037,0.1070650687527162
HBB_163,HubbardBearBrook,W6,Summer,Low,2023,NA,all fine roots,Mineral_0_10,NA,Yes,DegreeC60_48h,Yes,NA,NA,NA,NA,NA,NA,NA,NA,NA,NA,NA,NA,NA,NA,NA,NA,NA,NA,NA,NA,NA,NA,NA,NA,NA,0.6348665628178243,0.2228321503308246,0.6051728130863039,0.16851290483339315
HBB_012,HubbardBearBrook,W6,Summer,Low,2010,6,LT168,Mineral_0_10,92.54,Yes,DegreeC60_48h,Yes,<2,53.29,0.4801,#012,4.683333333333334,0.24,1.0229,3.773,8.766,5.507,13.797,NA,NA,NA,NA,NA,NA,NA,NA,NA,NA,NA,NA,Run duplicates (HBB_012_a & HBB_012_b) grinded with clean sand only; HBB_012 grinded with playground sand only,15.502466086375621,0.6348665628178243,0.2228321503308246,0.6051728130863039,0.16851290483339315
HBB_040,HubbardBearBrook,W6,Summer,Low,2021,7,LT163,Mineral_0_10,138.7,Yes,DegreeC60_48h,Yes,<2,106.12,0.46065,#040,5.92,0.28,0.99475,2.884,7.141,3.972,10.419,E,2,E,3,E/B,5,E,4,E/B,8,NA,NA,Run duplicates (HBB_040_a & HBB_040_b) grinded with clean sand only; HBB_040 grinded with playground sand only,-13.757192550089448,0.6348665628178243,0.2228321503308246,0.6051728130863039,0.16851290483339315
HBB_056,HubbardBearBrook,W6,Summer,Low,2023,7,LT168,Mineral_0_10,203.94,Yes,DegreeC60_48h,Yes,<2,146.37,0.46865,#056,3.1866666666666665,0.17333333333333334,1.02145,1.499,2.928,3.229,8.007,NA,10,NA,0,E,9.5,NA,0,E,3.5,NA,NA,Run duplicates (HBB_056_a & HBB_056_b) grinded with clean sand only; HBB_056 grinded with playground sand only,12.469480118621368,0.6348665628178243,0.2228321503308246,0.6051728130863039,0.16851290483339315
HBB_078,HubbardBearBrook,W6,Summer,Low,1998,7,LT172,Mineral_0_10,97,Yes,DegreeC60_48h,Yes,<2,71.13,0.48375,#078,3.6433333333333335,0.2,0.98125,2.672,8.557,5.485,15.882,NA,NA,NA,NA,NA,NA,NA,NA,NA,NA,NA,NA,Run duplicates (HBB_078_a & HBB_078_b) grinded with clean sand only; HBB_078 grinded with playground sand only,-24.43117699019748,0.6348665628178243,0.2228321503308246,0.6051728130863039,0.16851290483339315
